cost_center,cust_loc,brand,zip,lat,lon,loc_name,sum_promo_sales
,00000001 0915,Orkin Franchise,75501,33.414708,-94.08984,DEVILDOGG                          ,61.82
,00000004 0939,Orkin Franchise,95928,39.720955,-121.81888,AMS PC INC #939                    ,188.35
,00000008 0926,Orkin Franchise,75092,33.649938,-96.65387,CHRISTY JARESH INC (#926)          ,103.88
,00000009 0943,Orkin Franchise,36203,33.591301,-85.83571,IB ENTERPRISES  (#943)             ,345.25
,00000010 0901,Orkin Franchise,32303,30.486061,-84.31528,901 CAPITAL SOLUTIONS BIG BEND     ,21.59
,00000015 0942,Orkin Franchise,17111,40.264389,-76.80298,RATT INC - KUTZTOWN                ,291.94
,00000018 0927,Orkin Franchise,40701,36.942035,-84.10685,HELTACO INC (#927)                 ,135.51
,00000019 0977,Orkin Franchise,47404,39.188246,-86.56779,HILGER ENTERPRISES INC (#977)      ,243.4
,00000023 0902,Orkin Franchise,30607,34.013154,-83.43565,BITES PEST SOLUTIONS (#902)        ,591.9
,00000027 0916,Orkin Franchise,70448,30.367119,-90.05999,JP&G INC (#916)                    ,64.73
,00000039 0957,Orkin Franchise,17111,40.264389,-76.80298,RATT INC (#957)                    ,337.35
,00000043 0911,Orkin Franchise,30117,33.588486,-85.1062,REDCO INC (#911)                   ,177.68
,00000044 0959,Orkin Franchise,39301,32.339004,-88.6596,RMKPC INC (#959)                   ,77.39
,00000048 0953,Orkin Franchise,36530,30.377657,-87.56159,GOODROW SOLUTIONS LLC (#953)       ,136
,00000052 0924,Orkin Franchise,30547,34.348822,-83.47738,BARKER'S BUGS INC (#924)           ,58.68
,00000058 0913,Orkin Franchise,83714,43.641774,-116.26507,SAWYER INC  (# 913)                ,838.24
,00000061 0908,Orkin Franchise,36693,30.630441,-88.15397,GOODROW INC  # 908                 ,230
,00000063 0001,Orkin Franchise,965,18.431453,-66.11703,GUARDSMAN GROUP                    ,907.05
,00000069 0932,Orkin Franchise,63012,38.337458,-90.42316,TSALD  LLC (FR 932)                ,242.68
,00000082 0987,Orkin Franchise,42103,36.969761,-86.38247,FR987 BOWLING GREEN KY TSALDDS LLC ,204.33
,00000100 0001,CC Franchise,49684,44.74136,-85.67316,CRITTER CONTROL                    ,20429.2
,00000100 0012,CC Franchise,49684,44.74136,-85.67316,CRITTER CONTROL OF RICHMOND        ,90
,00000100 7497,CC Franchise,49684,44.74136,-85.67316,CRITTER CONTROL OPERATIONS         ,74.03
,00000100 CCSW,CC Franchise,49684,44.74136,-85.67316,CRITTER CONRTOL OF SOUTHWEST FL    ,210.75
,00000125 0001,Orkin Franchise,30220,33.230734,-84.82543,WILSON'S PEST MANAGEMENT           ,398.8
,00000163 0001,Orkin Franchise,802,18.322285,-64.963715,GUARDSMAN SERVICES (PR) LLC        ,257.34
Rollins,00005985 0001,Rollins,30324,33.818304,-84.35779,ROLLINS SUPPLY                     ,5357.15
2,00005985 0002,rollins,30324,33.818304,-84.35779,PUBLIC REL & CORP COMM             ,255
89520,00005985 0003,Rollins,30324,33.818304,-84.35779,CUSTOMER EXPERIENCE                ,131
89370,00005985 0006,Rollins,30324,33.818304,-84.35779,RISK MANAGEMENT                    ,76.89
89360,00005985 0008,Rollins,30324,33.818304,-84.35779,BENEFITS ADMINSTRATION             ,505.44
89230,00005985 0010,Rollins,30324,33.818304,-84.35779,ROLLINS SUPPLY                     ,1250
88470,00005985 0012,Rollins,30324,33.818304,-84.35779,EXECUTIVE ADMIN                    ,1603.93
30021,00005985 0017,Rollins,30341,33.888102,-84.29321,RAC ADMIN                          ,271.25
89480,00005985 0020,Rollins,30324,33.818304,-84.35779,GOV'T REL/ENVIRO                   ,2083
89590,00005985 0021,Orkin,30324,33.818304,-84.35779,PC/TC QUALITY ASSURANCE            ,87.91
89750,00005985 0031,Orkin,30324,33.818304,-84.35779,FLEET                              ,97.41
89410,00005985 0032,Rollins,30324,33.818304,-84.35779,CORPORATE HR                       ,2007.81
89160,00005985 0038,Rollins,30324,33.818304,-84.35779,TELECOMMUNICATIONS                 ,267.43
89250,00005985 0046,Rollins,30324,33.818304,-84.35779,INTERNAL AUDIT                     ,128.34
89320,00005985 0048,Rollins,30324,33.818304,-84.35779,DESKTOP SERVICES                   ,92.28
89420,00005985 0049,Rollins,30324,33.818304,-84.35779,HRIS                               ,4007.6
89540,00005985 0051,Rollins,30324,33.818304,-84.35779,FINANCE                            ,109.89
89550,00005985 0052,Rollins,30324,33.818304,-84.35779,HUMAN RESOURCES SERV CTR           ,19189.53
89690,00005985 0055,Orkin,30324,33.818304,-84.35779,REAL ESTATE                        ,81.06
89460,00005985 0068,Rollins,30324,33.818304,-84.35779,LEGAL                              ,81.06
89720,00005985 0069,Orkin,30324,33.818304,-84.35779,FIELD ADMIN SUPPORT GROUP          ,483.28
88200,00005985 0071,Orkin,30324,33.818304,-84.35779,DUPLICATING                        ,5769
81,00005985 0081,Orkin,30324,33.818304,-84.35779,081 SOUTHEAST DIVISION             ,735
82,00005985 0082,Orkin,30324,33.818304,-84.35779,082 MIDWEST DIVISION               ,173.52
84,00005985 0084,Orkin,30324,33.818304,-84.35779,084 SOUTH CENTRAL DIVISION         ,4627.14
85,00005985 0085,Orkin,30324,33.818304,-84.35779,085 NORTHEAST DIVISION             ,3411.92
86,00005985 0086,Orkin,92503,33.91355,-117.46052,086 PACIFIC DIVISION               ,489.49
106,00005985 0106,Orkin,35244,33.356981,-86.81577,106 BIRMINGHAM                     ,808.89
112,00005985 0112,Orkin,35806,34.748066,-86.68317,112 HUNTSVILLE                     ,638.42
119,00005985 0119,Orkin,29687,34.935636,-82.32238,119 WEST CAROLINA REGION           ,398.2
128,00005985 0128,Orkin,33619,27.94605,-82.37525,128 BRANDON                        ,149.18
130,00005985 0130,Orkin,33634,28.005497,-82.54936,130 TAMPA                          ,3019.2
131,00005985 0131,Orkin,34669,28.348507,-82.61937,131 HUDSON                         ,944.65
132,00005985 0132,Orkin,32955,28.308581,-80.72558,132 COCOA                          ,1386.03
134,00005985 0134,Orkin,32839,28.489758,-81.40625,134 ORLANDO PC                     ,395.75
142,00005985 0142,Orkin,33711,27.750655,-82.6882,142 ST PETERSBURG                  ,924.72
144,00005985 0144,Orkin,34234,27.365622,-82.53556,144 SARASOTA                       ,495.19
146,00005985 0146,Orkin,34744,28.308979,-81.37594,149 KISSIMMEE                      ,560.43
148,00005985 0148,Orkin,33880,27.997276,-81.74554,148 WINTER HAVEN                   ,223.12
149,00005985 0149,Orkin,32714,28.663913,-81.41112,149 NORTH FLORIDA REGION           ,4680.36
151,00005985 0151,Orkin,30094,33.621906,-84.04633,151 CONYERS PC                     ,8299.83
152,00005985 0152,Orkin,30340,33.899381,-84.25367,152 CHAMBLEE TC                    ,434.94
157,00005985 0157,Orkin,93012,34.218756,-118.99213,157 VENTURA                        ,1039.15
158,00005985 0158,Orkin,30214,33.47875,-84.47668,158 FAYETTEVILLE                   ,384.75
160,00005985 0160,Orkin,30507,34.253714,-83.77348,160 GAINESVILLE                    ,578.05
164,00005985 0164,Orkin,30066,34.027533,-84.51475,164 MARIETTA                       ,278.54
165,00005985 0165,Orkin,30046,33.960353,-84.037859,165 LAWRENCEVILLE                  ,2776.19
166,00005985 0166,Orkin,30263,33.38779,-84.82536,166 NEWNAN                         ,95.49
168,00005985 0168,Orkin,30076,34.032532,-84.31774,168 ALPHARETTA                     ,555.13
169,00005985 0169,Orkin,30263,33.38779,-84.82536,169 GEORGIA REGION                 ,1389.94
174,00005985 0174,Orkin,71301,31.294532,-92.46015,174 ALEXANDRIA                     ,511.32
175,00005985 0175,Orkin,70435,30.53978,-90.07953,175 COVINGTON                      ,323.21
180,00005985 0180,Orkin,70615,30.239906,-93.14977,180 LAKE CHARLES                   ,355.43
182,00005985 0182,Orkin,71201,32.519393,-92.10755,182 MONROE                         ,826.06
184,00005985 0184,Orkin,71457,31.751287,-93.09021,184 NATCHITOCHES                   ,148.33
188,00005985 0188,Orkin,71105,32.457903,-93.7133,188 SHREVEPORT                     ,622.6
189,00005985 0189,Orkin,70087,29.962601,-90.30965,189 GULF STATES REGION             ,125.38
191,00005985 0191,Orkin,33014,25.902172,-80.30732,191 NORTH MIAMI                    ,1217.94
192,00005985 0192,Orkin,33186,25.662292,-80.40947,192 HOMESTEAD                      ,1883.09
194,00005985 0194,Orkin,33040,24.567593,-81.7566,194 KEY WEST                       ,235.57
196,00005985 0196,Orkin,33166,25.824725,-80.30476,196 MIAMI  PC                      ,1288.38
197,00005985 0197,Orkin,33009,25.987069,-80.15004,197 SOUTH BROWARD PC               ,478.53
199,00005985 0199,Orkin,33009,25.987069,-80.15004,199 SOUTH FLORIDA REGION           ,1860.73
200,00005985 0200,Orkin,30318,33.786805,-84.437,200 BUCKHEAD                       ,387.2
201,00005985 0201,Orkin,33009,25.987069,-80.15004,201 WEST BROWARD PC                ,132.96
202,00005985 0202,Orkin,30120,34.167327,-84.82764,202 HOLLY SPRINGS                  ,2185.94
204,00005985 0204,Orkin,38756,33.407212,-90.87866,204 LELAND                         ,63.8
205,00005985 0205,Orkin,73105,35.509659,-97.50211,205 OKLAHOMA PEST SOLUTIONS        ,1069.08
206,00005985 0206,Orkin,39503,30.461786,-89.10381,206 GULFPORT                       ,798.45
209,00005985 0209,Orkin,29483,33.034586,-80.18599,209 SUMMERVILLE                    ,1390.6
210,00005985 0210,Orkin,39232,32.311287,-90.397157,210 JACKSON                        ,1043.07
212,00005985 0212,Orkin,38672,34.943945,-89.92279,212 SOUTHAVEN MS                   ,343.26
216,00005985 0216,Orkin,38801,34.23615,-88.75665,216 TUPELO                         ,855.65
224,00005985 0224,Orkin,34470,29.198704,-82.10556,224 OCALA                          ,1506.2
226,00005985 0226,Orkin,32119,29.153239,-81.02229,226 SOUTH DAYTONA                  ,738.43
232,00005985 0232,Orkin,32514,30.527195,-87.21485,232 PENSACOLA                      ,2520.8
234,00005985 0234,Orkin,32246,30.296911,-81.52228,234  JACKSONVILLE                  ,888.56
235,00005985 0235,Orkin,32714,28.663913,-81.41112,235 ALTAMONTE SPRINGS              ,2831.21
242,00005985 0242,Orkin,30909,33.475936,-82.0697,242 AUGUSTA                        ,2610.39
250,00005985 0250,Orkin,31021,32.526359,-82.93375,250 DUBLIN                         ,185.33
252,00005985 0252,Orkin,31216,32.730641,-83.6793,252 MACON                          ,2383.51
254,00005985 0254,Orkin,31401,32.068658,-81.09258,254 SAVANNAH                       ,1159.49
258,00005985 0258,Orkin,31525,31.260995,-81.49832,258 BRUNSWICK                      ,205.19
260,00005985 0260,Western / Waltham,7052,40.78865,-74.25541,260 WEST ORANGE                    ,103.59
265,00005985 0265,Western / Waltham,10018,40.755101,-73.99337,265 NEW YORK                       ,103.59
266,00005985 0266,Western / Waltham,6851,41.134896,-73.4053,266 SOUTHERN CT                    ,168.52
267,00005985 0267,Western / Waltham,8540,40.357439,-74.64922,267 PRINCETON                      ,108
268,00005985 0268,Orkin,33444,26.460951,-80.07891,268 DELRAY BEACH                   ,745.41
269,00005985 0269,Western / Waltham,7054,40.860149,-74.4171,269 NY NORTHERN NJ REGION          ,80.89
272,00005985 0272,Orkin,33912,26.501582,-81.82841,272 FT MYERS                       ,1076.01
274,00005985 0274,Orkin,34982,27.393097,-80.3279,274 FT PIERCE                      ,171.02
275,00005985 0275,Orkin,34110,26.28828,-81.78726,275 NAPLES                         ,2935.73
276,00005985 0276,Orkin,33069,26.22876,-80.15816,276 NORTH BROWARD PC               ,749.91
278,00005985 0278,Orkin,33409,26.709575,-80.09443,278 WEST PALM BEACH                ,1112.51
280,00005985 0280,Orkin,70809,30.403341,-91.08035,280 BATON ROUGE                    ,731.86
286,00005985 0286,Orkin,70360,29.593377,-90.7475,286 HOUMA SLS/SVC                  ,1766.67
288,00005985 0288,Orkin,70583,30.244311,-92.10099,288 LAFAYETTE                      ,1181.13
291,00005985 0291,Orkin,92503,33.91355,-117.46052,291 S CA COMML SUPRT TEAM          ,1161.35
292,00005985 0292,Orkin,70087,29.962601,-90.30965,292 NEW ORLEANS TC                 ,4956.31
294,00005985 0294,Orkin,92503,33.91355,-117.46052,294 PACIFIC TC SUPPORT TEAM        ,176.9
302,00005985 0302,Orkin,20151,38.889111,-77.4363,302 ANNANDALE                      ,930.38
303,00005985 0303,Orkin,20877,39.13975,-77.18568,303 ROCKVILLE                      ,390.67
305,00005985 0305,Orkin,21030,39.477506,-76.64114,305 NORTH BALTIMORE                ,171.45
306,00005985 0306,Orkin,20147,39.041978,-77.49064,306 ASHBURN                        ,667.95
307,00005985 0307,Orkin,21076,39.167708,-76.71706,307 BALTIMORE                      ,337.75
308,00005985 0308,Orkin,19020,40.10386,-74.93734,308 PHILADELPHIA                   ,792.14
310,00005985 0310,Orkin,21801,38.369675,-75.61214,310 SALISBURY                      ,1026.84
311,00005985 0311,Orkin,7424,40.886628,-74.21405,311 NORTHERN NEW JERSEY            ,1564.76
312,00005985 0312,Orkin,20706,38.964093,-76.85331,312 DC TC                          ,558.9
313,00005985 0313,Orkin,10523,41.057089,-73.81658,313 ELMSFORD                       ,3329.03
314,00005985 0314,Orkin,19720,39.669219,-75.59003,314 WILMINGTON                     ,38.24
315,00005985 0315,Orkin,11101,40.745341,-73.93907,315 NEW YORK CITY ORKIN COMML      ,1574.72
316,00005985 0316,Orkin,17402,39.976898,-76.67785,316 YORK                           ,479.13
317,00005985 0317,Orkin,11040,40.742901,-73.67895,317 NEW HYDE PARK                  ,2507.89
318,00005985 0318,Orkin,8034,39.908613,-74.99951,318 SOUTHERN NEW JERSEY            ,1027.98
320,00005985 0320,Orkin,22405,38.317636,-77.43297,320 FREDERICKSBURG                 ,2546.59
321,00005985 0321,Orkin,21784,39.39667,-76.965,321 CARROLL COUNTY                 ,103.79
322,00005985 0322,Orkin,27713,35.905765,-78.92113,322 DURHAM                         ,308.89
323,00005985 0323,Orkin,20602,38.598185,-76.90381,323 WALDORF                        ,1851.45
326,00005985 0326,Orkin,28306,35.003712,-78.92179,326 FAYETTEVILLE                   ,1225.49
329,00005985 0329,Orkin,15317,40.26819,-80.16222,329 PENNSYLVANIA REGION            ,204.88
331,00005985 0331,Orkin,22079,38.695915,-77.20122,331 LORTON                         ,307.93
334,00005985 0334,Orkin,28562,35.091472,-77.09936,334 NEW BERN                       ,770.42
335,00005985 0335,Orkin,7728,40.241036,-74.27629,335 CENTRAL NEW JERSEY             ,1446.9
336,00005985 0336,Orkin,27603,35.716105,-78.65734,336 SOUTH RALEIGH                  ,417.62
339,00005985 0339,Orkin,60007,42.005978,-87.99847,339 MIDWEST COMMERCIAL REGION      ,265
342,00005985 0342,Orkin,28403,34.221512,-77.88452,342 WILMINGTON                     ,123.7
343,00005985 0343,Orkin,22030,38.846212,-77.32787,343 N VIRGINIA                     ,2648.75
344,00005985 0344,Orkin,27893,35.715315,-77.91989,344 WILSON                         ,196.07
345,00005985 0345,Orkin,7728,40.241036,-74.27629,345 NEW JERSEY COMMERCIAL          ,1683.8
350,00005985 0350,Orkin,28704,35.459869,-82.54142,350 ASHEVILLE                      ,513.09
351,00005985 0351,Orkin,20877,39.13975,-77.18568,351 DC METRO                       ,1489.89
352,00005985 0352,Orkin,37617,36.534729,-82.37229,352 BRISTOL                        ,901.97
356,00005985 0356,Orkin,38501,36.1832,-85.52054,356 COOKEVILLE                     ,1110.18
358,00005985 0358,Orkin,37932,35.919695,-84.17255,358 KNOXVILLE                      ,2620.04
360,00005985 0360,Orkin,37909,35.947846,-84.01554,360 KNOXVILLE                      ,1122.12
362,00005985 0362,Orkin,37801,35.709071,-84.05015,362 MARYVILLE                      ,199.01
36333,00005985 0363,HomeTeam,33830,27.894991,-81.82638,"HTS LAKELAND, FL BRANCH            ",67
369,00005985 0369,Orkin,3032,43.000345,-71.35141,369 NE REGION                      ,930.85
378,00005985 0378,Orkin,40510,38.064087,-84.60713,378 LEXINGTON                      ,1058.94
379,00005985 0379,Orkin,13502,43.114519,-75.22284,379 NEW YORK UPSTATE REGION        ,1392.4
380,00005985 0380,Orkin,40299,38.190568,-85.55348,380 N LOUISVILLE                   ,450.23
387,00005985 0387,Orkin,60659,41.991381,-87.70378,ORKIN NE CHICAGO/TECH-1            ,925.54
389,00005985 0389,Orkin,40510,38.064087,-84.60713,389 KENTUCKY REGION                ,1269.11
391,00005985 0391,Orkin,21093,39.435789,-76.63614,391 BALTIMORE                      ,1003.59
392,00005985 0392,Orkin,29625,34.532638,-82.71615,392 ANDERSON                       ,576.39
396,00005985 0396,Orkin,29406,32.918757,-80.0228,396 CHARLESTON                     ,728.74
397,00005985 0397,Orkin,30324,33.818304,-84.35779,OCCC ADMIN                         ,10193.16
398,00005985 0398,Orkin,29170,33.943251,-81.14142,398 COLUMBIA                       ,634.64
399,00005985 0399,Orkin,33634,28.005497,-82.54936,399 WEST FLORIDA REGION            ,34
401,00005985 0401,Orkin,95215,37.955474,-121.19064,401 NORTHWEST SALES                ,1797.55
402,00005985 0402,Orkin,29501,34.195705,-79.80977,402 FLORENCE                       ,763.45
404,00005985 0404,Orkin,29687,34.935636,-82.32238,404 GREENVILLE                     ,805.69
405,00005985 0405,Orkin,29910,32.241315,-80.87404,405 HILTON HEAD                    ,1011.14
406,00005985 0406,Orkin,29577,33.698101,-78.89604,406 MYRTLE BEACH                   ,239.03
409,00005985 0409,Orkin,37923,35.928997,-84.07543,409 TENNESSEE/ALABAMA REGION       ,162.56
410,00005985 0410,Orkin,29732,34.969427,-81.0509,410 ROCK HILL                      ,729.39
413,00005985 0413,Western / Waltham,8052,39.952212,-74.99464,413 MAPLE SHADE                    ,176.19
416,00005985 0416,Western / Waltham,19454,40.223524,-75.24731,416 SPRING HOUSE                   ,54
417,00005985 0417,Western / Waltham,19803,39.793962,-75.53401,417 WILMINGTON                     ,34.53
420,00005985 0420,Orkin,37421,35.028574,-85.15939,420 CHATTANOOGA                    ,25.52
421,00005985 0421,Orkin,94010,37.574936,-122.36332,ROLLINS SUPPLY                     ,3865.18
423,00005985 0423,Orkin,30324,33.818304,-84.35779,OCCC SALES - COVINGTON             ,1245
424,00005985 0424,Western / Waltham,8234,39.398172,-74.59667,424 ATLANTIC CITY                  ,86.42
426,00005985 0426,Western / Waltham,8210,39.081754,-74.83658,426 CAPE MAY                       ,373.27
427,00005985 0427,Orkin,37211,36.079259,-86.72584,427 NASHVILLE COMML                ,1572.22
429,00005985 0429,Orkin,29687,34.935636,-82.32238,429 SOUTH CAROLINA REGION          ,1500.91
431,00005985 0431,Orkin,37115,36.264069,-86.70566,431 MADISON                        ,1650.98
433,00005985 0433,Orkin,38133,35.208709,-89.80518,433 MEMPHIS                        ,1136.36
434,00005985 0434,Orkin,37130,35.860152,-86.3648,434 MURFREESBORO                   ,843.07
436,00005985 0436,Orkin,37211,36.079259,-86.72584,436 NASHVILLE                      ,2329.87
437,00005985 0437,Orkin,95131,37.38631,-121.88987,ROLLINS SUPPLY                     ,3440.95
438,00005985 0438,Orkin,94551,37.680181,-121.921498,ROLLINS SUPPLY                     ,3000.93
440,00005985 0440,Orkin,22801,38.426786,-78.88153,440 CHARLOTTESVILLE                ,1585.22
444,00005985 0444,Orkin,23606,37.078196,-76.49446,444 HAMPTON                        ,733.98
447,00005985 0447,Orkin,20109,38.790202,-77.51294,447 MANASSAS                       ,375.86
449,00005985 0449,Orkin,23005,37.754254,-77.47465,449 VIRGINIA REGION                ,109.3
450,00005985 0450,Orkin,94545,37.635582,-122.10418,ROLLINS SUPPLY                     ,955.66
451,00005985 0451,Orkin,23113,37.51338,-77.64165,451 BON AIR                        ,1398.54
453,00005985 0453,Orkin,23455,36.889797,-76.1426,453 PORTSMOUTH                     ,993.8
454,00005985 0454,Orkin,23005,37.754254,-77.47465,454 RICHMOND                       ,692.9
456,00005985 0456,Orkin,24019,37.341428,-79.95049,456 ROANOKE                        ,2173.66
457,00005985 0457,Orkin,23320,36.761698,-76.24511,457 CHESAPEAKE                     ,615.32
462,00005985 0462,Orkin,28269,35.329235,-80.80486,462 NORTH CHARLOTTE                ,468.09
464,00005985 0464,Orkin,28227,35.192919,-80.66822,464 CHARLOTTE                      ,361.14
467,00005985 0467,Orkin,27616,35.865441,-78.54929,467 NORTH RALEIGH                  ,364.68
470,00005985 0470,Orkin,27405,36.107499,-79.75242,470 GREENSBORO                     ,246.66
472,00005985 0472,Orkin,28602,35.70701,-81.3534,472 HICKORY                        ,2089.44
475,00005985 0475,Orkin,28734,35.185018,-83.39032,475 FRANKLIN                       ,1508.57
478,00005985 0478,Orkin,27103,36.066545,-80.30733,478 WINSTON-SALEM                  ,1610.5
480,00005985 0480,Orkin,15146,40.431034,-79.76526,480 NORTH PITTSBURGH               ,1142.64
481,00005985 0481,Orkin,15301,40.170663,-80.25185,481 SOUTH PITTSBURGH               ,239.45
484,00005985 0484,Orkin,25813,37.754656,-81.11304,484 BECKLEY                        ,82.27
486,00005985 0486,Orkin,25159,38.49008,-81.79515,486 CHARLESTON SLS/SVC CENTER      ,58.7
488,00005985 0488,Orkin,26408,39.205852,-80.29416,488 CLARKSBURG                     ,1718.68
490,00005985 0490,Orkin,44130,41.378051,-81.77945,490 PARMA                          ,879.09
491,00005985 0491,Orkin,44141,41.307688,-81.61835,491 CLEVELAND COMMERCIAL           ,471.12
493,00005985 0493,Orkin,95008,37.278843,-121.95446,493 BAY VALLEY PEST CONTROL        ,848.62
497,00005985 0497,Orkin,92276,33.821318,-116.38023,497 ORKIN PALM SPRINGS             ,1491.82
499,00005985 0499,Orkin,19073,39.98451,-75.41265,299 BELTWAY COMMERCIAL REGION      ,852.81
501,00005985 0501,Orkin,60007,42.005978,-87.99847,501 ELK GROVE                      ,1279.22
502,00005985 0502,Orkin,60506,41.766029,-88.35254,502 AURORA                         ,982.36
504,00005985 0504,Orkin,61822,40.126854,-88.29315,504 CHAMPAIGN                      ,2267.89
508,00005985 0508,Orkin,60077,42.033313,-87.75764,508 SKOKIE                         ,1431.89
509,00005985 0509,Orkin,21030,39.477506,-76.64114,509 MARYLAND REGION                ,12362.2
512,00005985 0512,Orkin,60544,41.607624,-88.19736,512 JOLIET                         ,888.68
513,00005985 0513,Orkin,60014,42.226623,-88.33066,513 CRYSTAL LAKE                   ,1862.01
516,00005985 0516,Orkin,61301,41.347117,-89.08974,516 LASALLE                        ,976.24
518,00005985 0518,Orkin,60155,41.857931,-87.85477,518 OAK PARK                       ,180.13
519,00005985 0519,Orkin,60007,42.005978,-87.99847,519 ILLINOIS REGION                ,1148.38
520,00005985 0520,Orkin,60803,41.675861,-87.73189,520 ALSIP                          ,929.94
524,00005985 0524,Orkin,52404,41.947335,-91.68819,524 CEDAR RAPIDS                   ,243.07
526,00005985 0526,Orkin,52806,41.574581,-90.60303,526 DAVENPORT                      ,306.16
527,00005985 0527,Orkin,50322,41.630521,-93.7238,527 WEST DES MOINES                ,292.11
532,00005985 0532,Orkin,68137,41.204631,-96.12108,532 OMAHA                          ,39.92
534,00005985 0534,Orkin,30324,33.818304,-84.35779,OCCC SALES - CHARLOTTE             ,315
536,00005985 0536,Orkin,57049,42.524771,-96.49955,536 SIOUX CITY                     ,973.84
538,00005985 0538,Orkin,50613,42.527184,-92.45609,538 WATERLOO                       ,94.82
539,00005985 0539,Orkin,55344,44.867013,-93.42557,539 IOWA/WISCONSIN REGION          ,501.15
540,00005985 0540,Orkin,21009,39.473899,-76.2983,540 BEL AIR                        ,1431.97
542,00005985 0542,Orkin,30324,33.818304,-84.35779,OCCC CUSTOMER SERVICE              ,517.5
546,00005985 0546,Orkin,55117,44.989065,-93.10666,546 ST PAUL COMMERCIAL             ,346.34
547,00005985 0547,Orkin,48326,42.661129,-83.24571,547 PONTIAC                        ,4235.84
548,00005985 0548,Orkin,48047,42.670932,-82.77754,548 MT CLEMENS                     ,7437.79
551,00005985 0551,Orkin,48820,42.842438,-84.58612,551 LANSING                        ,1784.62
553,00005985 0553,Orkin,49036,41.912776,-85.0142,553 COLDWATER                      ,437.43
554,00005985 0554,Orkin,49002,42.210792,-85.55958,554 KALAMAZOO                      ,2343.74
555,00005985 0555,Orkin,48184,42.276688,-83.3786,555 WAYNE                          ,2076.63
556,00005985 0556,Orkin,48603,43.441975,-84.01177,556 SAGINAW                        ,1272.07
557,00005985 0557,Orkin,43614,41.60135,-83.62611,557 TOLEDO                         ,2302.12
558,00005985 0558,Orkin,46601,41.671197,-86.25253,558 SOUTH BEND                     ,3175.27
559,00005985 0559,Orkin,48820,42.842438,-84.58612,559 MICHIGAN REGION                ,5827.58
560,00005985 0560,Orkin,43229,40.085313,-82.97326,560 COLUMBUS COMMERCIAL            ,868.41
562,00005985 0562,Orkin,44685,40.961206,-81.42516,562 AKRON                          ,3539.95
563,00005985 0563,Orkin,41018,39.013755,-84.60229,563 FLORENCE                       ,137.9
564,00005985 0564,Orkin,45215,39.228859,-84.45707,564 CINCINNATI                     ,216.94
565,00005985 0565,Orkin,44070,41.415097,-81.91436,565 NORTH OLMSTED                  ,593.12
566,00005985 0566,Orkin,43229,40.085313,-82.97326,566 COLUMBUS                       ,820.16
568,00005985 0568,Orkin,45414,39.820807,-84.19381,568 DAYTON PC                      ,1843.92
569,00005985 0569,Orkin,49428,42.904275,-85.82314,569 EAST GRAND RAPIDS              ,8776.72
571,00005985 0571,Orkin,46808,41.094348,-85.16151,571 FT WAYNE                       ,2352.23
572,00005985 0572,Orkin,46226,39.83729,-86.05378,572 INDIANAPOLIS                   ,587.51
574,00005985 0574,Orkin,47334,40.117139,-85.54205,574 KOKOMO                         ,972.66
576,00005985 0576,Orkin,46278,39.89792,-86.28619,576 ZIONSVILLE                     ,5273.07
577,00005985 0577,Orkin,46411,41.461543,-87.372779,577 MERRILLVILLE                   ,1972.25
579,00005985 0579,Orkin,46037,39.900406,-84.8786,579 INDIANA/OHIO REGION            ,2130.28
580,00005985 0580,Orkin,45365,40.284855,-84.15974,580 SIDNEY                         ,1819.86
583,00005985 0583,Orkin,45036,39.440152,-84.22175,583 LEBANON                        ,319.78
586,00005985 0586,Orkin,61704,40.459584,-88.96939,586 BLOOMINGTON                    ,698.78
590,00005985 0590,Orkin,47715,37.975476,-87.47506,590 EVANSVILLE                     ,787.33
592,00005985 0592,Orkin,62959,37.724504,-88.92968,592 MARION                         ,250.1
594,00005985 0594,Orkin,61607,40.642049,-89.67147,594 PEORIA                         ,65.68
596,00005985 0596,Orkin,47803,39.46706,-87.34452,596 TERRE HAUTE                    ,949.33
601,00005985 0601,Orkin,20747,38.855479,-76.88621,601 WASHINGTON DC COMMERCIAL       ,1879.86
603,00005985 0603,Orkin,50613,42.527184,-92.45609,IA/WI SUPPORT CENTER               ,302.79
604,00005985 0604,Orkin,90019,34.048411,-118.34015,604 WEST LOS ANGELES COMM          ,837.49
605,00005985 0605,Orkin,94010,37.574936,-122.36332,605 SAN FRANCISCO COMMERCIAL       ,4804.86
606,00005985 0606,Orkin,52001,42.515252,-90.6794,606 DUBUQUE                        ,32.8
607,00005985 0607,Orkin,54935,43.769889,-88.4281,607 FOND DU LAC                    ,1262.78
608,00005985 0608,Orkin,53716,43.065621,-89.32085,608 MADISON                        ,220.89
609,00005985 0609,Orkin,54703,44.82961,-91.50521,609 EAU CLAIRE                     ,951.82
610,00005985 0610,Orkin,53007,43.10836,-88.06893,610 MILWAUKEE                      ,1847.93
611,00005985 0611,Orkin,54603,43.848665,-91.24922,611 LACROSSE                       ,277.21
612,00005985 0612,Orkin,54303,44.530892,-88.04482,612 GREEN BAY                      ,1228.36
614,00005985 0614,Orkin,61109,42.213439,-89.05595,614 ROCKFORD                       ,432.37
617,00005985 0617,Orkin,55344,44.867013,-93.42557,617 MINNEAPOLIS                    ,1743.72
618,00005985 0618,Orkin,60031,42.375821,-87.93517,618 WAUKEGAN                       ,1572.86
634,00005985 0634,Orkin,60007,42.005978,-87.99847,634 NORTH CHICAGO                  ,1134.76
647,00005985 0647,Orkin,15017,40.351802,-80.11534,647 PITTSBURGH COMMERCIAL          ,870.37
648,00005985 0648,Orkin,23452,36.839209,-76.09333,648 TIDEWATER COMMERCIAL           ,462.72
655,00005985 0655,Orkin,33411,26.719596,-80.22077,655 PALM BEACH COMMERCIAL          ,257.84
659,00005985 0659,Orkin,30076,34.032532,-84.31774,659 SOUTHERN COMMERCIAL REGION     ,931.58
660,00005985 0660,Orkin,23235,37.522514,-77.56565,660 RICHMOND COMMERCIAL            ,1198.15
661,00005985 0661,Orkin,95605,38.592155,-121.52805,661 SACRAMENTO COMMERCIAL          ,2922.4
664,00005985 0664,Orkin,94551,37.680181,-121.921498,664 LIVERMORE COMMERCIAL           ,4915.26
665,00005985 0665,Orkin,28269,35.329235,-80.80486,665 CHARLOTTE COMMERCIAL           ,1560.43
666,00005985 0666,Orkin,46268,39.897548,-86.22546,666 INDIANAPOLIS COMMERCIAL        ,190.24
670,00005985 0670,Orkin,45014,39.330356,-84.55277,670 CINCINNATI COMMERCIAL          ,1137.24
671,00005985 0671,Orkin,60632,41.809299,-87.7105,671 CHICAGO COMMERCIAL             ,1385.72
672,00005985 0672,Orkin,78218,29.49428,-98.40431,672 SAN ANTONIO COMMERCIAL         ,1364.9
673,00005985 0673,Orkin,33178,25.837696,-80.36947,673 MIAMI COMMERCIAL               ,681.21
675,00005985 0675,Orkin,32254,30.336038,-81.72509,675 JACKSONVILLE COMMERCIAL        ,633.75
676,00005985 0676,Orkin,30076,34.032532,-84.31774,676 ROSWELL COMMERCIAL             ,586.23
677,00005985 0677,Orkin,63026,38.502854,-90.46088,677 ST LOUIS COMMERCIAL            ,2498.91
678,00005985 0678,Orkin,60563,41.794885,-88.16188,678 SOUTHWEST CHICAGO COMM'L       ,1853.89
680,00005985 0680,Orkin,76137,32.86814,-97.28566,680 FORT WORTH COMMERCIAL          ,2898.63
681,00005985 0681,Orkin,30318,33.786805,-84.437,681 ATLANTA COMMERCIAL             ,3591.91
683,00005985 0683,Orkin,27617,35.906016,-78.743197,683 RALEIGH COMMERCIAL             ,142.63
684,00005985 0684,Orkin,75006,32.960374,-96.89163,684 DALLAS COMMERCIAL              ,942.07
685,00005985 0685,Orkin,33309,26.185461,-80.17218,685 FORT LAUDERDALE COMMERCIAL     ,521.85
686,00005985 0686,Orkin,77063,29.734379,-95.52269,686 SOUTH HOUSTON COMMERCIAL       ,1504.5
687,00005985 0687,Orkin,90040,33.997492,-118.15284,687 LOS ANGELES COMMERCIAL         ,789.35
688,00005985 0688,Orkin,33716,27.874324,-82.64515,688 SAINT PETERSBURG               ,496.52
690,00005985 0690,Orkin,53226,43.048545,-88.04239,690 MILWAUKEE COMMERCIAL           ,71.4
691,00005985 0691,Orkin,19079,39.903312,-75.26939,691 PENN JERSEY COMMERCIAL         ,707.52
693,00005985 0693,Orkin,48033,42.3314,-83.0458,693 DETROIT COMMERCIAL             ,1224.11
694,00005985 0694,Orkin,21090,39.209529,-76.66177,694 MARYLAND COMMERCIAL            ,700.24
695,00005985 0695,Orkin,70123,29.952605,-90.20536,695 NEW ORLEANS COMMERCIAL         ,2374.38
696,00005985 0696,Orkin,32839,28.489758,-81.40625,696 ORLANDO COMMERCIAL             ,1302.5
700,00005985 0700,Orkin,1887,42.558576,-71.17031,700 BOSTON COMMERCIAL              ,122.97
702,00005985 0702,Orkin,13502,43.114519,-75.22284,702 UTICA                          ,729.47
704,00005985 0704,Orkin,97230,45.539473,-122.50488,704 PORTLAND COMMERCIAL            ,568.51
706,00005985 0706,Orkin,93550,34.56548,-118.08549,706 PALMDALE                       ,1719.49
710,00005985 0710,Orkin,91773,34.103341,-117.81814,710 SAN DIMAS COMMERCIAL           ,757.21
711,00005985 0711,Orkin,92503,33.91355,-117.46052,711 PACIFIC COMM REGION            ,3031.78
712,00005985 0712,Orkin,95834,38.642805,-121.50466,NORTHERN CALIFORNIA ADMIN          ,848.68
713,00005985 0713,Orkin,90220,33.890566,-118.23666,713 SO LOS ANGELES COMMERCIAL      ,187.09
714,00005985 0714,Orkin,92503,33.91355,-117.46052,714 RIVERSIDE COMMERCIAL           ,2552.79
715,00005985 0715,Orkin,91331,34.254751,-118.42406,715 SAN FERNANDO COMMERCIAL        ,1707.32
716,00005985 0716,Orkin,92503,33.91355,-117.46052,716 WESTERN CA SALES               ,132.9
717,00005985 0717,Orkin,92801,33.844814,-117.95381,717 ORANGE COUNTY COMMERCIAL       ,1604.82
718,00005985 0718,Orkin,92123,32.803799,-117.13595,718 SAN DIEGO COMMERCIAL           ,1578.48
722,00005985 0722,Orkin,93313,35.19766,-119.05698,722 BAKERSFIELD                    ,2068.32
723,00005985 0723,Orkin,92081,33.2,-117.2425,723 VISTA CA                       ,1666.3
724,00005985 0724,Orkin,92626,33.677224,-117.90863,724 COSTA MESA                     ,2676.24
726,00005985 0726,Orkin,72762,36.186059,-94.1937,726 FT SMITH                       ,618.04
729,00005985 0729,Orkin,94534,38.245844,-122.101917,729 NORTHERN CALIFORNIA            ,366.5
732,00005985 0732,Orkin,72209,34.674192,-92.35557,732 LITTLE ROCK                    ,236.25
733,00005985 0733,Orkin,92503,33.91355,-117.46052,733 OUTBOUND RES SALES             ,249.7
735,00005985 0735,Orkin,89521,39.395387,-119.72735,735 RENO                           ,1407.56
736,00005985 0736,Orkin,94551,37.680181,-121.921498,736 SSG NORTHERN CA                ,168.05
737,00005985 0737,Orkin,94954,38.243299,-122.6069,737 NORTH SAN FRANCISCO            ,4362.65
740,00005985 0740,Orkin,94520,37.986321,-122.03988,740 OAKLAND SALES/SERVICE CTR      ,3530.79
741,00005985 0741,Orkin,93727,36.753177,-119.69703,741 FRESNO                         ,2999.18
743,00005985 0743,Orkin,90810,33.816217,-118.21495,743 LONG BEACH                     ,4039.63
744,00005985 0744,Orkin,94545,37.635582,-122.10418,744 HAYWARD SALES/SERVICE CTR      ,10669.36
745,00005985 0745,Orkin,95119,37.232244,-121.79092,745 SAN JOSE SALES/SERVICE CTR     ,5622.41
746,00005985 0746,Orkin,92801,33.844814,-117.95381,746 NORTH ORANGE COUNTY            ,1431.58
748,00005985 0748,Orkin,91724,34.088771,-117.85817,748 GLENDALE                       ,2641.78
749,00005985 0749,Orkin,98424,47.242186,-122.35916,749 PACIFIC NORTHWEST REGION       ,107.66
750,00005985 0750,Orkin,89118,36.084361,-115.2103,750 LAS VEGAS                      ,863.49
751,00005985 0751,Orkin,96743,20.040191,-155.69999,751 BIG ISLAND HAWAII              ,721.37
753,00005985 0753,Orkin,95834,38.642805,-121.50466,753 SACRAMENTO SALES/SERVICE       ,7080.21
754.1,00005985 0754,Orkin,92503,33.91355,-117.46052,754 POMONA                         ,1335.17
755,00005985 0755,Orkin,99212,47.668926,-117.30668,755 SPOKANE SALES/SERVICE CTR      ,347.06
757,00005985 0757,Orkin,97404,44.101227,-123.13604,757 EUGENE SALES/SERVICE CTR       ,172.67
758,00005985 0758,Orkin,98201,47.986274,-122.20222,758 EVERETT SALES/SERVICE CTR      ,1858.65
759,00005985 0759,Orkin,92503,33.91355,-117.46052,759 SOUTHERN CALIFORNIA REGION     ,4545.33
760,00005985 0760,Orkin,97070,45.308105,-122.77266,760 PORTLAND SALES/SERVICE CTR     ,4003.52
761,00005985 0761,Orkin,91343,34.239503,-118.48224,761 CHATSWORTH                     ,1619.32
762,00005985 0762,Orkin,98424,47.242186,-122.35916,762 TACOMA BRANCH                  ,3740.62
767,00005985 0767,Orkin,91724,34.088771,-117.85817,767 SAN GABRIEL TERMITE            ,1091.73
770,00005985 0770,Orkin,79915,31.743038,-106.36957,770 EL PASO                        ,2113.84
772,00005985 0772,Orkin,76543,31.113828,-97.69246,772 KILLEEN                        ,553.26
775,00005985 0775,Orkin,76180,32.855666,-97.21818,775 FT WORTH PC                    ,2790.13
776,00005985 0776,Orkin,78216,29.528515,-98.49219,776 SAN ANTONIO                    ,405.77
777,00005985 0777,Orkin,79762,31.890374,-102.35398,777 MIDLAND/ODESSA                 ,571.2
778,00005985 0778,Orkin,76710,31.535916,-97.18588,778 WACO                           ,527.36
780,00005985 0780,Orkin,78744,30.188377,-97.74038,780  AUSTIN                        ,2308.65
782,00005985 0782,Orkin,94551,37.680181,-121.921498,OBSOLETE 782 ECOSHIELD SAN JOSE    ,3222.94
783,00005985 0783,Orkin,93291,36.351009,-119.33655,783 VISALIA                        ,1303.99
784,00005985 0784,Orkin,68803,40.916866,-98.38749,784 GRAND ISLAND                   ,16
788,00005985 0788,Orkin,66215,38.961006,-94.74145,788 KANSAS CITY                    ,1536.35
789,00005985 0789,Orkin,92503,33.91355,-117.46052,789 CENTRAL CALIFORNIA REGION      ,1660.67
791,00005985 0791,Orkin,66214,38.961756,-94.71498,791 KANSAS CITY COMMERCIAL         ,903.85
792,00005985 0792,Orkin,67401,38.827875,-97.61553,792 SALINA                         ,313.28
793,00005985 0793,Orkin,64064,38.98861,-94.36474,793 INDEPENDENCE                   ,3868.51
794,00005985 0794,Orkin,95050,37.347791,-121.95131,794 SOS PEST CONTROL & TERMITE     ,1156.63
796,00005985 0796,Orkin,66603,39.0562,-95.67547,796 TOPEKA                         ,60
798,00005985 0798,Orkin,67214,37.705384,-97.31777,798 WICHITA                        ,526.29
801,00005985 0801,Orkin,96819,21.3452,-157.88165,801 HONOLULU                       ,208.8
806,00005985 0806,Orkin,92806,33.835465,-117.87362,806 ORANGE COUNTY TERMITE          ,300.5
811,00005985 0811,Orkin,90019,34.048411,-118.34015,811 WEST LOS ANGELES RES           ,2663.57
812,00005985 0812,Orkin,80524,40.606962,-105.05106,812 FORT COLLINS                   ,379.88
813,00005985 0813,Orkin,62234,38.679282,-89.99407,813 COLLINSVILLE                   ,560.98
816,00005985 0816,Orkin,65803,37.257053,-93.29015,816 SPRINGFIELD                    ,959.52
817,00005985 0817,Orkin,63026,38.502854,-90.46088,817  ST LOUIS SOUTH SLS/SVC        ,3956.37
819,00005985 0819,Orkin,64055,39.053255,-94.4061,819 KANSAS/MISSOURI REGION         ,623.89
820,00005985 0820,Orkin,30324,33.818304,-84.35779,082 MIDWEST DIVISION               ,567.29
821,00005985 0821,Orkin,90810,33.816217,-118.21495,821 WEST LOS ANGELES TERMITE       ,463.78
822,00005985 0822,Orkin,79601,32.500532,-99.69803,822 ABILENE TX                     ,1156.83
824,00005985 0824,Orkin,79102,35.197852,-101.84543,824 AMARILLO                       ,885.23
825,00005985 0825,Orkin,80498,39.722417,-106.13744,825 SILVERTHORNE                   ,1909.07
826,00005985 0826,Orkin,75006,32.960374,-96.89163,826 DALLAS                         ,2692.77
827,00005985 0827,Orkin,92123,32.803799,-117.13595,827 SAN DIEGO CA                   ,1286.55
828,00005985 0828,Orkin,75006,32.960374,-96.89163,828 CENTRAL DALLAS COMMERCIAL      ,1067.86
829,00005985 0829,Orkin,80021,39.881608,-105.09953,829 COLORADO REGION                ,2422.54
830,00005985 0830,Orkin,75042,32.915625,-96.67399,830 GARLAND                        ,702.79
833,00005985 0833,Orkin,75071,33.225107,-96.638614,833 NORTH DALLAS PC                ,1339.73
834,00005985 0834,Orkin,90019,34.048411,-118.34015,834 WEST LA TERMITE                ,389.28
836,00005985 0836,Orkin,75703,32.264365,-95.31347,836 TYLER                          ,2208.34
837,00005985 0837,Orkin,85381,33.60864,-112.22791,837 PHOENIX ADMIN CENTER           ,83.1
842,00005985 0842,Orkin,94534,38.245844,-122.101917,842 BAY TERMITE SERVICE CENTER     ,5635.49
849,00005985 0849,Orkin,75006,32.960374,-96.89163,849 N TEXAS/OKLAHOMA REGION        ,1200.04
850,00005985 0850,Orkin,73501,34.608348,-98.39414,850 LAWTON                         ,116.42
856,00005985 0856,Orkin,73179,35.416826,-97.62787,856 OKLAHOMA CITY                  ,219.83
858,00005985 0858,Orkin,74145,36.096296,-95.8847,858 TULSA                          ,885.64
866,00005985 0866,Orkin,12538,41.779541,-73.90155,866 HYDE PARK                      ,208.94
868,00005985 0868,Orkin,77708,30.141361,-94.16488,868 BEAUMONT                       ,209.79
870,00005985 0870,Orkin,63304,38.72926,-90.65332,870 HOMETEAM ST LOUIS              ,2471.62
873,00005985 0873,Orkin,77901,28.806417,-96.99356,873 VICTORIA                       ,65.6
874,00005985 0874,Orkin,78550,26.206602,-97.68776,874 HARLINGEN                      ,416.31
875,00005985 0875,Orkin,77090,30.012711,-95.45132,875 INNOVATIVE PEST CONTROL        ,1994.44
876,00005985 0876,Orkin,77014,29.979063,-95.47294,876 METRO HOUSTON                  ,847.25
877,00005985 0877,Orkin,77429,29.982746,-95.66597,877 NORTH HOUSTON                  ,2227.99
878,00005985 0878,Orkin,77584,29.543654,-95.34036,878 SOUTH HOUSTON                  ,2598.92
879,00005985 0879,Orkin,78744,30.188377,-97.74038,879 SOUTH/WEST TEXAS REGION        ,382.62
881,00005985 0881,Orkin,85233,33.348593,-111.80833,881 MESA                           ,866.49
882,00005985 0882,Orkin,85260,33.606004,-111.88699,882 SCOTTSDALE                     ,1248.69
883,00005985 0883,Orkin,80014,39.665637,-104.83421,883  AURORA SERVICE CENTER         ,568.01
884,00005985 0884,Orkin,81301,37.295888,-107.84945,884 DURANGO                        ,957.4
885,00005985 0885,Orkin,89118,36.084361,-115.2103,885 LAS VEGAS COMMERCIAL           ,1373.77
886,00005985 0886,Orkin,87107,35.134094,-106.64073,886 ALBUQUERQUE                    ,3841.03
888,00005985 0888,Orkin,80916,38.808934,-104.73823,888 COLORADO SPRINGS               ,781.88
889,00005985 0889,Orkin,85381,33.60864,-112.22791,889 SOUTHWEST REGION               ,3052.3
890,00005985 0890,Orkin,80223,39.699156,-104.99999,890 DENVER SALES / SERVICE CTR     ,1949.08
891,00005985 0891,Orkin,80223,39.699156,-104.99999,891 COLORADO ADMIN CENTER          ,251.54
892,00005985 0892,Orkin,81501,39.072831,-108.55,892 GRAND JUNCTION                 ,751.52
893,00005985 0893,Orkin,59405,47.476152,-111.26909,893 GREAT FALLS                    ,1029.82
894,00005985 0894,Orkin,85019,33.511992,-112.1417,894 PHOENIX COMMERCIAL             ,1444.37
895,00005985 0895,Orkin,84104,40.750628,-111.94077,895 SALT LAKE CITY                 ,673.82
896,00005985 0896,Orkin,85381,33.60864,-112.22791,896 PHOENIX                        ,1365.31
897,00005985 0897,Orkin,80021,39.881608,-105.09953,897 DENVER COMMERCIAL              ,2087.93
899,00005985 0899,Orkin,75006,32.960374,-96.89163,899 SOUTH CENTRAL COML REG         ,4053.76
900,00005985 0900,Orkin,4103,43.685882,-70.2903,900 MAINE ADMIN CENTER             ,1188.46
902,00005985 0902,Orkin,30607,34.013154,-83.43565,FRANCHISE 902: BITES PEST SOLUTIONS,121.35
907,00005985 0907,Orkin,30324,33.818304,-84.35779,907 INTERNATIONAL FRANCHISING      ,3063.29
909,00005985 0909,Orkin,12033,42.534631,-73.71327,909 NORTH HUDSON VALLEY            ,417.05
910,00005985 0910,Orkin,1887,42.558576,-71.17031,910 NORTH BOSTON                   ,124.86
913,00005985 0913,Orkin,83714,43.641774,-116.26507,913 SAWYER                         ,343.8
916,00005985 0916,Orkin,39401,31.285508,-89.2799,FRANCHISE 916:  JP&G INC           ,715.79
917,00005985 0917,Orkin,63801,36.891163,-89.58355,FRANCHISE 917:  TSATL LLC          ,1083.07
920,00005985 0920,Orkin,30324,33.818304,-84.35779,FRANCHISE 920: PMP MGT SVCS INC    ,1151.38
924,00005985 0924,Orkin,30531,34.514215,-83.54118,FRANCHISE 924: WEHUNT BUGS         ,307.14
933,00005985 0933,Orkin,16866,40.893028,-78.21678,FRANCHISE 933: RATT INC STCOLLEGE  ,157.53
935.1,00005985 0935,Orkin,58503,46.861794,-100.78026,FRANCHISE 935                      ,61.4
943,00005985 0943,Orkin,30324,33.818304,-84.35779,FRANCHISE 943: IB ENTERPRISES      ,109.2
944,00005985 0944,Orkin,30324,33.818304,-84.35779,FRANCHISE OPERATIONS               ,1068.03
951,00005985 0951,Orkin,72401,35.844795,-90.68443,"FRANCHISE 951: JFI, LLC            ",998.84
954,00005985 0954,Orkin,63052,38.385265,-90.40339,FRANCHISE 954: TSAT INC            ,188.45
956,00005985 0956,Orkin,42001,37.066543,-88.65687,FRANCHISE 956: TSATL2              ,336.07
957,00005985 0957,Orkin,17111,40.264389,-76.80298,FRANCHISE 957: RATT INC            ,117.09
964,00005985 0964,Orkin,14228,43.023347,-78.79494,964 BUFFALO                        ,820.52
969,00005985 0969,Orkin,4401,44.81777,-68.78952,969 BANGOR SALES/SERVICE CTR       ,277.38
980,00005985 0980,Orkin,2043,42.225708,-70.88764,980 BOSTON ADMIN CENTER            ,310.45
984,00005985 0984,Orkin,6468,41.336046,-73.22241,984 MONROE                         ,427.89
985,00005985 0985,Orkin,2043,42.225708,-70.88764,985 SOUTH BOSTON                   ,275.32
989,00005985 0989,Orkin,4103,43.685882,-70.2903,989 PORTLAND SALES/SERVICE         ,518.17
990,00005985 0990,Orkin,1201,42.45384,-73.254,990 PITTSFIELD                     ,1669.16
992,00005985 0992,Orkin,12804,43.330471,-73.67816,992 QUEENSBURY                     ,343.65
993,00005985 0993,Orkin,6023,41.612748,-72.72017,993 HARTFORD                       ,1627.04
994,00005985 0994,Orkin,12110,42.74964,-73.76802,994 ALBANY                         ,1247.14
995,00005985 0995,Orkin,14467,43.048663,-77.60843,995 ROCHESTER                      ,1373.28
996,00005985 0996,Orkin,5495,44.44524,-73.09917,996 BURLINGTON                     ,810.43
997,00005985 0997,Orkin,13209,43.081324,-76.23488,997 SYRACUSE                       ,807.97
998,00005985 0998,Orkin,3032,43.000345,-71.35141,998 MANCHESTER SERVICE CENTER      ,533.48
36126,00005985 3612,HomeTeam,78249,29.569934,-98.61282,"HTS SAN ANTONIO WEST, TX BRANCH    ",164
36130,00005985 3613,HomeTeam,77064,29.923638,-95.55919,"HTS HOUSTON NORTH, TX BRANCH       ",53.4
4103,00005985 4103,Western / Waltham,1887,42.558576,-71.17031,41030 WALTHAM WILMINGTON           ,229.25
4104,00005985 4104,Western / Waltham,6320,41.352498,-72.10338,4104 WALTHAM NEW LONDON            ,119.85
4112,00005985 4112,Western / Waltham,2359,42.065554,-70.80426,4112 WALTHAM WEYMOUTH              ,930.48
4116,00005985 4116,Western / Waltham,4074,43.583224,-70.35268,4116 WALTHAM SCARBOROUGH           ,122.5
4199,00005985 4199,Western / Waltham,1760,42.290763,-71.35368,4199 WALTHAM HOME OFFICE           ,35.28
4295,00005985 4295,CC / Trutech,30062,33.99605,-84.47464,ROLLINS SUPPLY                     ,260
4501,00005985 4501,Orkin,90807,33.828366,-118.18235,ROLLINS SUPPLY                     ,649.25
5499,00005985 5499,CC / Trutech,49684,44.74136,-85.67316,5499 CRITTER CONTROL               ,3354.43
36101,00005985 6101,HomeTeam,75247,32.817978,-96.87928,36101 HTD TRAINING DEPT            ,837.5
36120,00005985 6120,HomeTeam,76111,32.778479,-97.30099,HTS FORT WORTH                     ,89
36121,00005985 6121,HomeTeam,75050,32.759922,-97.01216,HOME TEAM DALLAS WEST PC           ,53.4
36122,00005985 6122,HomeTeam,78728,30.451803,-97.67989,HTS AUSTIN                         ,106.8
36123,00005985 6123,HomeTeam,77477,29.626187,-95.57145,36123 HTS HOUSTON SOUTH            ,76.6
36125,00005985 6125,HomeTeam,75006,32.960374,-96.89163,HOME TEAM DALLAS NORTH             ,81.4
36127,00005985 6127,HomeTeam,75081,32.948974,-96.70916,36127 HTS DALLAS EAST              ,0
36321,00005985 6321,HomeTeam,33461,26.621145,-80.08976,36321 HTS WEST PALM BEACH FL       ,133.3
36322,00005985 6322,HomeTeam,33634,28.005497,-82.54936,36322 HTS TAMPA SOUTH              ,62.3
36328,00005985 6328,HomeTeam,34470,29.198704,-82.10556,36328 HTS OCALA FL                 ,62.36
36329,00005985 6329,HomeTeam,34787,28.536794,-81.59344,ROLLINS SUPPLY                     ,185.3
36330,00005985 6330,HomeTeam,32822,28.494931,-81.28949,HTS ORLANDO SOUTH                  ,135.4
36331,00005985 6331,HomeTeam,34134,26.348608,-81.83134,36331 HTS BONITA SPRINGS FL BRANCH ,32.8
36332,00005985 6332,HomeTeam,32547,30.447248,-86.62113,36332 HTS DESTIN                   ,53.4
36334,00005985 6334,HomeTeam,34104,26.15091,-81.7477,36334 HTS NAPLES FL                ,41
36335,00005985 6335,HomeTeam,34668,28.30073,-82.69698,36335 HTS TAMPA NORTH FL           ,44.5
36337,00005985 6337,HomeTeam,33570,27.703801,-82.44385,36337 HTS APOLLO BEACH FL BRANCH   ,89
36431,00005985 6431,HomeTeam,87107,35.134094,-106.64073,ROLLINS SUPPLY                     ,53.4
36701,00005985 6701,HomeTeam,28269,35.329235,-80.80486,ROLLINS SUPPLY                     ,42.72
36706,00005985 6706,HomeTeam,29418,32.879529,-80.05911,36706 HTS CHARLESTON SC BRANCH     ,160.32
36707,00005985 6707,HomeTeam,29588,33.694757,-78.999862,36707 HTS MYRTLE BEACH SC          ,176.4
36712,00005985 6712,HomeTeam,23236,37.475798,-77.58235,36712 HTS RICHMOND                 ,116.2
36715,00005985 6715,HomeTeam,25430,39.349476,-77.93415,36715 HOMETEAM CHARLES TOWN        ,84.8
7001,00005985 7001,Orkin,93313,35.19766,-119.05698,70010 BANKS                        ,8
37065,00005985 7065,Orkin,94118,37.782029,-122.46158,CRANE CENTRAL OFFICE               ,82
7772,00005985 7772,Western / Waltham,7054,40.860149,-74.4171,WESTERN HO DIVISION OFFICE         ,644.92
7780,00005985 7780,Western / Waltham,7054,40.860149,-74.4171,ROLLINS SUPPLY                     ,818
7786,00005985 7786,Western / Waltham,7054,40.860149,-74.4171,WESTERN HO MARKETING               ,3760.65
88710,00005985 8710,Orkin,30324,33.818304,-84.35779,HO NATIONAL ACCOUNTS               ,1392.89
88720,00005985 8720,Orkin,30324,33.818304,-84.35779,HO ORKIN NAM                       ,1538.82
88230,00005985 8823,Orkin,30324,33.818304,-84.35779,88230 HO ORKIN PRESIDENT           ,774.64
88680,00005985 8868,Rollins,30324,33.818304,-84.35779,88680 HO SERVSUITE PROJECT         ,42919.46
88940,00005985 8894,Rollins,30324,33.818304,-84.35779,PROCUREMENT                        ,24.52
89660,00005985 8966,Orkin,30345,33.851736,-84.28412,TECHNICAL SERVICE                  ,263.77
89980,00005985 8998,Rollins,30345,33.851736,-84.28412,ORKIN TRAINING                     ,3274.72
89310,00005985 9310,Rollins,30324,33.818304,-84.35779,ROLLINS SUPPLY                     ,208.83
89560,00005985 9560,Rollins,30324,33.818304,-84.35779,89560 OPERATIONAL SUPORT GVP       ,4809.6
89665,00005985 9665,Rollins,30324,33.818304,-84.35779,ROLLINS SUPPLY                     ,1395.12
89960,00005985 9960,Rollins,30324,33.818304,-84.35779,SERVICE TEAM                       ,81.06
BILL                ,00005985 BILL,Rollins,30324,33.818304,-84.35779,BILL AND CONTINUE TO STORE         ,4357.14
,00005990 0001,Rollins CC,30324,33.818304,-84.35779,ROLLINS - CREDIT CARD              ,1059.62
,00007399 0001,Orkin Canada,R3C 4L9,55.638943,-101.91834,ORKIN CANADA                       ,30076.77
